content_id,title,genre,content_type,release_year
1,Enterprise-wide composite contingency,Comedy,Episode,2003
2,Persevering client-driven application,Comedy,Movie,2021
3,Adaptive maximized strategy,Drama,Movie,1991
4,Reverse-engineered high-level time-frame,Action,Movie,2015
5,Public-key systematic projection,Comedy,Episode,1995
6,Customizable encompassing productivity,Documentary,Movie,2003
7,Robust object-oriented portal,Drama,Movie,2017
8,Self-enabling composite alliance,Drama,Episode,2013
9,Devolved disintermediate application,Comedy,Movie,2020
10,Public-key client-driven product,Drama,Movie,1996
11,Monitored static benchmark,Sci-Fi,Episode,1997
12,Mandatory didactic migration,Action,Episode,1991
13,Down-sized mobile utilization,Comedy,Episode,2007
14,Re-engineered exuding protocol,Drama,Episode,2011
15,Monitored dedicated throughput,Drama,Episode,1993
16,Enhanced web-enabled encoding,Drama,Episode,2007
17,Managed secondary throughput,Drama,Movie,2018
18,Multi-lateral 4thgeneration moderator,Documentary,Episode,2002
19,Focused contextually-based extranet,Comedy,Movie,2022
20,Up-sized fresh-thinking toolset,Action,Episode,2018
21,Assimilated interactive info-mediaries,Documentary,Movie,1993
22,Streamlined bottom-line core,Drama,Episode,2018
23,Secured actuating initiative,Comedy,Movie,1994
24,Robust stable matrices,Comedy,Episode,2000
25,Triple-buffered asymmetric info-mediaries,Comedy,Movie,2002
26,Profit-focused analyzing initiative,Sci-Fi,Movie,2009
27,Proactive intermediate monitoring,Sci-Fi,Movie,2021
28,Configurable value-added architecture,Sci-Fi,Movie,2007
29,Compatible content-based utilization,Action,Episode,2019
30,Profit-focused tangible groupware,Sci-Fi,Movie,2014
31,Fundamental zero tolerance encoding,Comedy,Movie,2023
32,Automated full-range attitude,Action,Movie,1996
33,Focused solution-oriented help-desk,Drama,Movie,2018
34,Implemented exuding encoding,Documentary,Movie,2022
35,Open-source grid-enabled matrix,Sci-Fi,Movie,1994
36,Cloned neutral application,Comedy,Episode,2004
37,Devolved next generation algorithm,Sci-Fi,Movie,1996
38,Customer-focused upward-trending service-desk,Action,Episode,1991
39,Object-based tangible challenge,Sci-Fi,Episode,1992
40,Inverse holistic task-force,Comedy,Movie,1997
41,Triple-buffered zero tolerance implementation,Documentary,Episode,1993
42,Vision-oriented hybrid website,Documentary,Episode,2017
43,Extended well-modulated website,Comedy,Movie,2020
44,Exclusive 4thgeneration project,Drama,Episode,2014
45,Right-sized impactful task-force,Action,Episode,2019
46,Triple-buffered intangible framework,Action,Episode,2018
47,Grass-roots disintermediate approach,Documentary,Movie,1994
48,Enhanced bi-directional standardization,Drama,Episode,2019
49,Devolved object-oriented focus group,Comedy,Movie,2008
50,Horizontal asynchronous portal,Action,Episode,1992
51,Adaptive mobile time-frame,Documentary,Episode,2012
52,Virtual high-level architecture,Drama,Movie,1993
53,Pre-emptive modular knowledgebase,Drama,Episode,1993
54,Face-to-face modular strategy,Documentary,Movie,2011
55,Visionary demand-driven system engine,Comedy,Movie,2011
56,Adaptive impactful hub,Action,Episode,2004
57,Cross-group encompassing structure,Drama,Episode,2010
58,Organic contextually-based attitude,Drama,Episode,2019
59,Front-line intangible frame,Action,Episode,1995
60,Down-sized needs-based Internet solution,Drama,Movie,2010
61,Stand-alone zero-defect open architecture,Comedy,Movie,1999
62,Focused uniform Graphical User Interface,Drama,Movie,1996
63,Fundamental foreground middleware,Documentary,Episode,2018
64,Horizontal transitional leverage,Documentary,Movie,1997
65,Managed bandwidth-monitored project,Action,Episode,1992
66,Grass-roots 24/7 alliance,Action,Movie,2013
67,Cross-platform multi-state contingency,Sci-Fi,Movie,2009
68,Re-contextualized even-keeled info-mediaries,Sci-Fi,Episode,2009
69,Cross-group mission-critical firmware,Drama,Episode,2012
70,Progressive 24/7 forecast,Drama,Movie,1999
71,Implemented incremental neural-net,Documentary,Episode,2008
72,Mandatory even-keeled Graphical User Interface,Comedy,Episode,1996
73,De-engineered solution-oriented leverage,Comedy,Episode,2007
74,Cross-group mobile policy,Comedy,Episode,2020
75,Enterprise-wide neutral benchmark,Drama,Movie,1998
76,Mandatory tangible synergy,Comedy,Episode,2022
77,Pre-emptive grid-enabled open system,Documentary,Movie,2008
78,Customer-focused zero administration emulation,Sci-Fi,Episode,2010
79,Ameliorated foreground Internet solution,Comedy,Movie,2014
80,User-centric bandwidth-monitored process improvement,Comedy,Movie,2000
81,Proactive bandwidth-monitored conglomeration,Documentary,Episode,2019
82,Cross-platform maximized task-force,Comedy,Movie,2020
83,Proactive cohesive migration,Documentary,Episode,2011
84,Configurable zero administration framework,Action,Movie,1992
85,Ergonomic disintermediate application,Comedy,Episode,1992
86,Multi-lateral composite task-force,Drama,Episode,2016
87,Quality-focused stable interface,Comedy,Movie,1990
88,Down-sized next generation intranet,Action,Movie,2000
89,Reactive incremental framework,Drama,Episode,2019
90,Business-focused stable process improvement,Comedy,Episode,1999
91,Total national concept,Drama,Episode,2021
92,Re-engineered optimal functionalities,Sci-Fi,Episode,1997
93,Horizontal optimal support,Action,Episode,2018
94,Stand-alone methodical circuit,Comedy,Movie,1994
95,Ameliorated user-facing superstructure,Action,Episode,2019
96,Optional discrete forecast,Action,Movie,2013
97,Business-focused static contingency,Action,Movie,2011
98,Decentralized impactful benchmark,Drama,Movie,2019
99,Networked hybrid matrix,Action,Movie,2001
100,Implemented fault-tolerant capacity,Drama,Movie,2020
101,Re-engineered homogeneous orchestration,Comedy,Movie,2015
102,Front-line system-worthy forecast,Action,Movie,2005
103,Up-sized optimal orchestration,Comedy,Episode,2000
104,Virtual directional product,Comedy,Movie,2010
105,Open-architected directional application,Documentary,Movie,2006
106,Progressive systematic software,Drama,Movie,2021
107,Future-proofed human-resource installation,Action,Episode,1998
108,Self-enabling encompassing utilization,Action,Episode,1992
109,Diverse directional function,Drama,Movie,2009
110,Ameliorated modular access,Documentary,Movie,1991
111,Visionary scalable instruction set,Action,Movie,2012
112,Multi-tiered composite Internet solution,Comedy,Movie,2011
113,Digitized fresh-thinking ability,Drama,Movie,2013
114,Fundamental non-volatile extranet,Comedy,Episode,2009
115,Total solution-oriented knowledgebase,Sci-Fi,Episode,2010
116,Multi-layered didactic frame,Action,Movie,2022
117,Fully-configurable analyzing project,Sci-Fi,Episode,2013
118,Enterprise-wide heuristic info-mediaries,Comedy,Movie,1998
119,Total multi-state system engine,Documentary,Movie,2012
120,Proactive web-enabled middleware,Sci-Fi,Movie,2006
121,Seamless scalable paradigm,Drama,Episode,1999
122,Multi-lateral explicit capacity,Action,Episode,1997
123,Intuitive bi-directional Graphic Interface,Comedy,Movie,2015
124,Open-source 3rdgeneration framework,Comedy,Episode,2007
125,Cross-group directional access,Sci-Fi,Episode,2005
126,Intuitive secondary product,Drama,Episode,1998
127,Organized high-level success,Comedy,Episode,1999
128,Programmable needs-based parallelism,Documentary,Movie,2021
129,Cloned static product,Comedy,Episode,2009
130,Streamlined bi-directional Graphical User Interface,Drama,Episode,2003
131,Universal multi-state artificial intelligence,Sci-Fi,Episode,2013
132,Versatile systematic artificial intelligence,Sci-Fi,Movie,1998
133,Triple-buffered user-facing capacity,Comedy,Episode,2012
134,Front-line discrete attitude,Drama,Movie,2021
135,Adaptive intermediate frame,Sci-Fi,Episode,2018
136,Right-sized leadingedge parallelism,Action,Movie,2009
137,Networked coherent hardware,Drama,Movie,2016
138,Proactive bandwidth-monitored archive,Sci-Fi,Movie,2012
139,Ameliorated next generation hierarchy,Drama,Movie,2020
140,Networked mission-critical infrastructure,Sci-Fi,Episode,1990
141,Persevering attitude-oriented hardware,Sci-Fi,Episode,2011
142,Organic grid-enabled Internet solution,Sci-Fi,Episode,1990
143,Enterprise-wide radical challenge,Comedy,Movie,2003
144,Grass-roots next generation matrices,Comedy,Movie,2009
145,Profit-focused real-time matrices,Sci-Fi,Episode,2015
146,Operative asymmetric archive,Documentary,Movie,1992
147,Multi-tiered dynamic utilization,Sci-Fi,Movie,1991
148,Persevering optimal installation,Sci-Fi,Movie,2018
149,Mandatory homogeneous encoding,Drama,Episode,1998
150,Enhanced 4thgeneration infrastructure,Drama,Movie,2014
151,Adaptive object-oriented collaboration,Comedy,Episode,2023
152,Intuitive user-facing moderator,Comedy,Episode,2018
153,Inverse dedicated software,Comedy,Episode,2021
154,Balanced national contingency,Drama,Episode,1995
155,Optimized bi-directional data-warehouse,Comedy,Episode,2013
156,Ameliorated multimedia superstructure,Comedy,Episode,2005
157,Multi-lateral object-oriented orchestration,Action,Movie,2001
158,Integrated fresh-thinking hierarchy,Drama,Episode,2015
159,Configurable static toolset,Action,Episode,1993
160,Open-architected systematic forecast,Drama,Episode,2019
161,Vision-oriented human-resource info-mediaries,Sci-Fi,Episode,1993
162,Polarized high-level functionalities,Documentary,Episode,1996
163,Vision-oriented intangible framework,Comedy,Movie,1994
164,Synergistic scalable leverage,Documentary,Movie,2015
165,Enhanced human-resource project,Comedy,Episode,2012
166,Versatile directional parallelism,Action,Episode,2022
167,Universal actuating approach,Action,Movie,2023
168,Optimized analyzing info-mediaries,Comedy,Episode,2007
169,User-centric demand-driven implementation,Documentary,Movie,2010
170,Total discrete system engine,Documentary,Episode,2014
171,Virtual multimedia help-desk,Documentary,Movie,1997
172,Programmable optimal standardization,Action,Episode,1992
173,Automated systematic product,Sci-Fi,Episode,2004
174,Profound system-worthy collaboration,Documentary,Movie,2006
175,Stand-alone 24/7 time-frame,Action,Episode,2015
176,Phased foreground success,Documentary,Episode,2003
177,Open-architected solution-oriented protocol,Documentary,Episode,1998
178,Persevering multi-tasking alliance,Documentary,Movie,2021
179,Optimized composite open architecture,Documentary,Episode,1990
180,Future-proofed contextually-based forecast,Documentary,Episode,1993
181,Decentralized national system engine,Drama,Episode,2007
182,Diverse multimedia focus group,Action,Episode,1994
183,Persevering leadingedge forecast,Comedy,Episode,2014
184,Cross-group executive methodology,Documentary,Episode,2011
185,Adaptive user-facing Graphic Interface,Comedy,Movie,1994
186,Versatile interactive middleware,Sci-Fi,Movie,2009
187,Customizable optimal system engine,Sci-Fi,Movie,2022
188,Multi-channeled object-oriented middleware,Drama,Movie,1996
189,Self-enabling bottom-line knowledge user,Documentary,Movie,2002
190,Mandatory reciprocal circuit,Action,Episode,1996
191,Monitored zero administration website,Sci-Fi,Episode,2001
192,Up-sized upward-trending emulation,Documentary,Movie,1992
193,Inverse tangible model,Comedy,Episode,2013
194,Programmable upward-trending matrix,Documentary,Movie,2019
195,Reactive systematic utilization,Documentary,Episode,2001
196,Devolved encompassing Graphical User Interface,Documentary,Movie,2016
197,Front-line 6thgeneration capability,Comedy,Movie,2014
198,Polarized exuding model,Drama,Episode,2022
199,Inverse dedicated capacity,Documentary,Episode,2003
200,Public-key heuristic monitoring,Comedy,Movie,2014
